id,node_i,node_j,bx [mm],by [mm],length [mm],wg [kN/m],wq [kN/m],fcd [MPa],fsyd [MPa],cover [mm],dbl_cor [mm],dbl_int [mm],nblx_int,nbly_int,dbh [mm],sbh [mm],nbh_x,nbh_y,dbl_cor_q [mm],dbl_int_q [mm],nblx_int_q,nbly_int_q,dbh_q [mm],sbh_q [mm],nbh_x_q,nbh_y_q,fcm_q [MPa],fsyml_q [MPa],fsymh_q [MPa],cover_q [mm],bondslip_factor_q
3000,0,1,250,250,3000,1.5,0,8.5,240,30,12,12,0,0,6,125,2,2,12,12,0,0,6,125.511,2,2,23.8123,492.74,480.78,31.7189,0
3300,300,301,250,250,3000,1.5,0,8.5,240,30,12,12,0,0,6,125,2,2,12,12,0,0,6,130.828,2,2,20.2228,466.96,484.438,27.083,0
3010,10,11,250,250,3000,1.5,0,8.5,240,30,16,12,0,1,6,150,2,2,16,12,0,1,6,156.306,2,2,27.4127,480.433,477.937,30.4166,0
3110,110,111,350,350,3000,2.94,0,8.5,240,30,12,12,1,1,6,125,2,2,12,12,1,1,6,127.016,2,2,25.5701,474.856,480.235,29.2029,0
3210,210,211,350,350,3000,2.94,0,8.5,240,30,12,12,1,1,6,125,2,2,12,12,1,1,6,125.083,2,2,26.3711,476.845,476.942,31.7668,0
3310,310,311,250,250,3000,1.5,0,8.5,240,30,16,12,0,1,6,150,2,2,16,12,0,1,6,153.627,2,2,27.4817,482.408,487.563,23.9495,0
3020,20,21,250,250,3000,1.5,0,8.5,240,30,12,12,0,0,6,125,2,2,12,12,0,0,6,125.066,2,2,26.978,485.371,481.813,35.3268,0
3120,120,121,300,300,3000,2.16,0,8.5,240,30,12,12,0,1,6,125,2,2,12,12,0,1,6,125.295,2,2,21.8768,485.5,476.286,28.4611,0
3220,220,221,300,300,3000,2.16,0,8.5,240,30,12,12,0,1,6,125,2,2,12,12,0,1,6,127.529,2,2,30.8207,476.486,476.138,32.4756,0
3320,320,321,250,250,3000,1.5,0,8.5,240,30,12,12,0,0,6,125,2,2,12,12,0,0,6,130.921,2,2,23.302,480.283,475.208,32.0894,0
3001,1,2,250,250,3000,1.5,0,8.5,240,30,12,12,1,0,6,125,2,2,12,12,1,0,6,127.176,2,2,28.9741,475.848,477.211,27.5415,0
3301,301,302,250,250,3000,1.5,0,8.5,240,30,12,12,1,0,6,125,2,2,12,12,1,0,6,130.559,2,2,30.1257,481.502,475.936,33.1225,0
3011,11,12,250,250,3000,1.5,0,8.5,240,30,16,12,0,0,6,150,2,2,16,12,0,0,6,154.708,2,2,23.8552,481.069,489.389,29.3833,0
3111,111,112,350,350,3000,2.94,0,8.5,240,30,12,12,1,1,6,125,2,2,12,12,1,1,6,128.75,2,2,24.7107,472.437,478.676,33.164,0
3211,211,212,350,350,3000,2.94,0,8.5,240,30,12,12,1,1,6,125,2,2,12,12,1,1,6,127.02,2,2,23.2964,488.401,474.53,28.5613,0
3311,311,312,250,250,3000,1.5,0,8.5,240,30,16,12,0,0,6,150,2,2,16,12,0,0,6,152.185,2,2,27.4291,478.111,482.493,27.8469,0
3021,21,22,250,250,3000,1.5,0,8.5,240,30,12,12,1,0,6,125,2,2,12,12,1,0,6,125.073,2,2,30.5662,484.999,485.729,30.7679,0
3121,121,122,300,300,3000,2.16,0,8.5,240,30,12,12,2,0,6,125,2,2,12,12,2,0,6,131.151,2,2,25.5312,476.253,478.319,31.5213,0
3221,221,222,300,300,3000,2.16,0,8.5,240,30,12,12,2,0,6,125,2,2,12,12,2,0,6,129.061,2,2,21.4508,482.678,467.154,32.7459,0
3321,321,322,250,250,3000,1.5,0,8.5,240,30,12,12,1,0,6,125,2,2,12,12,1,0,6,127.351,2,2,23.7895,487.745,483.771,37.2714,0
4100,100,1101,250,250,1500,1.5,0,8.5,240,30,12,12,0,0,6,125,2,2,12,12,0,0,6,127.339,2,2,24.944,476.011,489.687,30.8881,0
5100,1101,101,250,250,1500,1.5,0,8.5,240,30,12,12,0,0,6,125,2,2,12,12,0,0,6,130.566,2,2,21.6703,480.956,483.102,27.5508,0
4200,200,1201,250,250,1500,1.5,0,8.5,240,30,12,12,0,0,6,125,2,2,12,12,0,0,6,129.838,2,2,22.3649,476.326,481.63,29.8753,0
5200,1201,201,250,250,1500,1.5,0,8.5,240,30,12,12,0,0,6,125,2,2,12,12,0,0,6,129.824,2,2,27.1036,481.658,486.562,27.8363,0
4101,101,1102,250,250,1500,1.5,0,8.5,240,30,12,12,0,0,6,125,2,2,12,12,0,0,6,125.369,2,2,24.2021,484.179,466.772,28.5324,0
5101,1102,102,250,250,1500,1.5,0,8.5,240,30,12,12,0,0,6,125,2,2,12,12,0,0,6,130.863,2,2,23.9949,481.121,483.642,35.2811,0
4201,201,1202,250,250,1500,1.5,0,8.5,240,30,12,12,0,0,6,125,2,2,12,12,0,0,6,127.405,2,2,24.5112,487.098,481.029,28.0692,0
5201,1202,202,250,250,1500,1.5,0,8.5,240,30,12,12,0,0,6,125,2,2,12,12,0,0,6,126.252,2,2,20.3287,481.826,482.291,25.0146,0
