id,node_1,node_2,node_3,node_4,lx [mm],ly [mm],t [mm]
1001,1,11,111,101,5000,5000,170
1201,201,211,311,301,5000,5000,170
1011,11,21,121,111,5000,5000,170
1111,111,121,221,211,3300,5000,170
1211,211,221,321,311,5000,5000,170
1021,21,31,131,121,5000,5000,170
1121,121,131,231,221,3300,5000,170
1221,221,231,331,321,5000,5000,170
1002,2,12,112,102,5000,5000,170
1202,202,212,312,302,5000,5000,170
1012,12,22,122,112,5000,5000,170
1112,112,122,222,212,3300,5000,170
1212,212,222,322,312,5000,5000,170
1022,22,32,132,122,5000,5000,170
1122,122,132,232,222,3300,5000,170
1222,222,232,332,322,5000,5000,170
1003,3,13,113,103,5000,5000,170
1203,203,213,313,303,5000,5000,170
1013,13,23,123,113,5000,5000,170
1113,113,123,223,213,3300,5000,170
1213,213,223,323,313,5000,5000,170
1023,23,33,133,123,5000,5000,170
1123,123,133,233,223,3300,5000,170
1223,223,233,333,323,5000,5000,170
