id,node_1,node_2,node_3,node_4,typology,tw [mm]
2000,0,1,11,10,Weak,80
2010,10,11,21,20,Weak,80
2020,20,21,31,30,Weak,80
2001,1,2,12,11,Weak,80
2011,11,12,22,21,Weak,80
2021,21,22,32,31,Weak,80
2002,2,3,13,12,Weak,80
2012,12,13,23,22,Weak,80
2022,22,23,33,32,Weak,80
2300,300,301,311,310,Weak,80
2310,310,311,321,320,Weak,80
2320,320,321,331,330,Weak,80
2301,301,302,312,311,Weak,80
2311,311,312,322,321,Weak,80
2321,321,322,332,331,Weak,80
2302,302,303,313,312,Weak,80
2312,312,313,323,322,Weak,80
2322,322,323,333,332,Weak,80
3000,0,1,101,100,Weak,80
3200,200,201,301,300,Weak,80
3001,1,2,102,101,Weak,80
3201,201,202,302,301,Weak,80
3002,2,3,103,102,Weak,80
3202,202,203,303,302,Weak,80
3030,30,31,131,130,Weak,80
3130,130,131,231,230,Weak,80
3230,230,231,331,330,Weak,80
3031,31,32,132,131,Weak,80
3131,131,132,232,231,Weak,80
3231,231,232,332,331,Weak,80
3032,32,33,133,132,Weak,80
3132,132,133,233,232,Weak,80
3232,232,233,333,332,Weak,80
2101,100,1101,1201,200,Weak,80
3233,1101,101,201,1201,Weak,80
2102,101,1102,1202,201,Weak,80
3234,1102,102,202,1202,Weak,80
2103,102,1103,1203,202,Weak,80
3103,1103,103,203,1203,Weak,80
