id,x-coord [m],y-coord [m],z-coord [m],bottom_column,top_column,left_beam_x,right_beam_x,left_beam_y,right_beam_y,fcm [MPa],model_type_q
0,0,0,0,,3000,,,,,inelastic,inelastic
100,5,0,0,,4100,,,,,inelastic,inelastic
200,8.3,0,0,,4200,,,,,inelastic,inelastic
300,13.3,0,0,,3300,,,,,inelastic,inelastic
10,0,5,0,,3010,,,,,inelastic,inelastic
110,5,5,0,,3110,,,,,inelastic,inelastic
210,8.3,5,0,,3210,,,,,inelastic,inelastic
310,13.3,5,0,,3310,,,,,inelastic,inelastic
20,0,10,0,,3020,,,,,inelastic,inelastic
120,5,10,0,,3120,,,,,inelastic,inelastic
220,8.3,10,0,,3220,,,,,inelastic,inelastic
320,13.3,10,0,,3320,,,,,inelastic,inelastic
1,0,0,3,3000,3001,,1001,,2001,inelastic,inelastic
101,5,0,3,5100,4101,1001,1101,,2101,inelastic,inelastic
201,8.3,0,3,5200,4201,1101,1201,,2201,inelastic,inelastic
301,13.3,0,3,3300,3301,1201,,,2301,inelastic,inelastic
11,0,5,3,3010,3011,,1011,2001,2011,inelastic,inelastic
111,5,5,3,3110,3111,1011,1111,2101,2111,inelastic,inelastic
211,8.3,5,3,3210,3211,1111,1211,2201,2211,inelastic,inelastic
311,13.3,5,3,3310,3311,1211,,2301,2311,inelastic,inelastic
21,0,10,3,3020,3021,,1021,2011,,inelastic,inelastic
121,5,10,3,3120,3121,1021,1121,2111,,inelastic,inelastic
221,8.3,10,3,3220,3221,1121,1221,2211,,inelastic,inelastic
321,13.3,10,3,3320,3321,1221,,2311,,inelastic,inelastic
2,0,0,6,3001,,,1002,,2002,inelastic,inelastic
102,5,0,6,5101,,1002,1102,,2102,inelastic,inelastic
202,8.3,0,6,5201,,1102,1202,,2202,inelastic,inelastic
302,13.3,0,6,3301,,1202,,,2302,inelastic,inelastic
12,0,5,6,3011,,,1012,2002,2012,inelastic,inelastic
112,5,5,6,3111,,1012,1112,2102,2112,inelastic,inelastic
212,8.3,5,6,3211,,1112,1212,2202,2212,inelastic,inelastic
312,13.3,5,6,3311,,1212,,2302,2312,inelastic,inelastic
22,0,10,6,3021,,,1022,2012,,inelastic,inelastic
122,5,10,6,3121,,1022,1122,2112,,inelastic,inelastic
222,8.3,10,6,3221,,1122,1222,2212,,inelastic,inelastic
322,13.3,10,6,3321,,1222,,2312,,inelastic,inelastic
1101,5,0,1.5,4100,5100,,6200,,,inelastic,inelastic
1201,8.3,0,1.5,4200,5200,6200,,,,inelastic,inelastic
1102,5,0,4.5,4101,5101,,6201,,,inelastic,inelastic
1202,8.3,0,4.5,4201,5201,6201,,,,inelastic,inelastic
