id,node_i,node_j,b [mm],h [mm],length [mm],wg [kN/m],wq [kN/m],wg_alpha [kN/m],wq_alpha [kN/m],fcd [MPa],fsyd [MPa],cover [mm],dbl_t1_i [mm],nbl_t1_i,dbl_t2_i [mm],nbl_t2_i,dbl_b1_i [mm],nbl_b1_i,dbl_b2_i [mm],nbl_b2_i,dbh_i [mm],sbh_i [mm],nbh_b_i,nbh_h_i,dbl_t1_mid [mm],nbl_t1_mid,dbl_t2_mid [mm],nbl_t2_mid,dbl_b1_mid [mm],nbl_b1_mid,dbl_b2_mid [mm],nbl_b2_mid,dbh_mid [mm],sbh_mid [mm],nbh_b_mid,nbh_h_mid,dbl_t1_j [mm],nbl_t1_j,dbl_t2_j [mm],nbl_t2_j,dbl_b1_j [mm],nbl_b1_j,dbl_b2_j [mm],nbl_b2_j,dbh_j [mm],sbh_j [mm],nbh_b_j,nbh_h_j,dbl_t1_i_q [mm],nbl_t1_i_q,dbl_t2_i_q [mm],nbl_t2_i_q,dbl_b1_i_q [mm],nbl_b1_i_q,dbl_b2_i_q [mm],nbl_b2_i_q,dbh_i_q [mm],sbh_i_q [mm],nbh_b_i_q,nbh_h_i_q,dbl_t1_mid_q [mm],nbl_t1_mid_q,dbl_t2_mid_q [mm],nbl_t2_mid_q,dbl_b1_mid_q [mm],nbl_b1_mid_q,dbl_b2_mid_q [mm],nbl_b2_mid_q,dbh_mid_q [mm],sbh_mid_q [mm],nbh_b_mid_q,nbh_h_mid_q,dbl_t1_j_q [mm],nbl_t1_j_q,dbl_t2_j_q [mm],nbl_t2_j_q,dbl_b1_j_q [mm],nbl_b1_j_q,dbl_b2_j_q [mm],nbl_b2_j_q,dbh_j_q [mm],sbh_j_q [mm],nbh_b_j_q,nbh_h_j_q,fcm_q [MPa],fsyml_q [MPa],fsymh_q [MPa],cover_q [mm],bondslip_factor_q
1001,1,101,200,350,5000,10.9288,2.5,8.39572,1.66675,8.5,240,30,16,2,16,0,12,2,12,0,6,125,2,2,16,2,16,0,12,2,12,1,6,125,2,2,16,2,16,1,12,2,12,1,6,125,2,2,16,2,16,0,12,2,12,0,6,125.787,2,2,16,2,16,0,12,2,12,1,6,127.504,2,2,16,2,16,1,12,2,12,1,6,128.086,2,2,28.0305,481.744,478.712,30.3094,0
1101,101,201,200,350,3300,2.5044,0,2.5044,0,8.5,240,30,16,2,16,1,12,2,12,1,6,125,2,2,16,2,16,0,12,2,12,0,6,125,2,2,16,2,16,1,12,2,12,1,6,125,2,2,16,2,16,1,12,2,12,1,6,128.045,2,2,16,2,16,0,12,2,12,0,6,129.577,2,2,16,2,16,1,12,2,12,1,6,129.15,2,2,27.126,482.312,481.98,31.8787,0
1201,201,301,200,350,5000,10.9288,2.5,8.39572,1.66675,8.5,240,30,16,2,16,1,12,2,12,1,6,125,2,2,16,2,16,0,12,2,12,1,6,125,2,2,16,2,16,0,12,2,12,0,6,125,2,2,16,2,16,1,12,2,12,1,6,130.587,2,2,16,2,16,0,12,2,12,1,6,131.04,2,2,16,2,16,0,12,2,12,0,6,128.013,2,2,32.5824,477.13,476.352,31.2149,0
1011,11,111,250,400,5000,17.6,5,12.5338,3.3335,8.5,240,30,25,2,25,0,12,2,12,0,8,150,2,2,25,2,25,0,12,2,12,2,8,150,2,2,25,2,25,0,12,2,12,2,8,150,2,2,25,2,25,0,12,2,12,0,8,151.448,2,2,25,2,25,0,12,2,12,2,8,157.413,2,2,25,2,25,0,12,2,12,2,8,152.187,2,2,33.8564,484.955,475.957,27.4289,0
1111,111,211,250,400,3300,20.228,9.15,18.9521,8.60006,8.5,240,30,25,2,25,0,12,2,12,2,8,150,2,2,25,2,25,0,12,2,12,0,8,150,2,2,25,2,25,0,12,2,12,2,8,150,2,2,25,2,25,0,12,2,12,2,8,150.744,2,2,25,2,25,0,12,2,12,0,8,152.621,2,2,25,2,25,0,12,2,12,2,8,155.598,2,2,33.6236,473.832,488.695,25.4512,0
1211,211,311,250,400,5000,17.6,5,12.5338,3.3335,8.5,240,30,25,2,25,0,12,2,12,2,8,150,2,2,25,2,25,0,12,2,12,2,8,150,2,2,25,2,25,0,12,2,12,0,8,150,2,2,25,2,25,0,12,2,12,2,8,151.684,2,2,25,2,25,0,12,2,12,2,8,150.214,2,2,25,2,25,0,12,2,12,0,8,152.827,2,2,30.3696,486.844,482.738,28.0181,0
1021,21,121,200,400,5000,17.12,5,12.0538,3.3335,8.5,240,30,25,2,25,0,16,2,16,0,8,150,2,2,25,2,25,0,16,2,16,0,8,150,2,2,25,2,25,0,16,2,16,1,8,150,2,2,25,2,25,0,16,2,16,0,8,152.547,2,2,25,2,25,0,16,2,16,0,8,153.175,2,2,25,2,25,0,16,2,16,1,8,155.047,2,2,33.3698,479.712,481.116,34.321,0
1121,121,221,200,400,3300,9.576,3.3,7.02426,2.20011,8.5,240,30,25,2,25,0,16,2,16,1,8,150,2,2,25,2,25,0,16,2,16,0,8,150,2,2,25,2,25,0,16,2,16,1,8,150,2,2,25,2,25,0,16,2,16,1,8,152.388,2,2,25,2,25,0,16,2,16,0,8,154.261,2,2,25,2,25,0,16,2,16,1,8,151.54,2,2,33.9261,474.818,486.308,32.4734,0
1221,221,321,200,400,5000,17.12,5,12.0538,3.3335,8.5,240,30,25,2,25,0,16,2,16,1,8,150,2,2,25,2,25,0,16,2,16,0,8,150,2,2,25,2,25,0,16,2,16,0,8,150,2,2,25,2,25,0,16,2,16,1,8,154.13,2,2,25,2,25,0,16,2,16,0,8,156.014,2,2,25,2,25,0,16,2,16,0,8,155.574,2,2,26.6197,491.229,481.249,26.7907,0
1031,31,131,200,350,5000,10.9288,2.5,8.39572,1.66675,8.5,240,30,16,2,16,0,12,2,12,0,6,125,2,2,16,2,16,0,12,2,12,1,6,125,2,2,16,2,16,1,12,2,12,0,6,125,2,2,16,2,16,0,12,2,12,0,6,127.242,2,2,16,2,16,0,12,2,12,1,6,127.197,2,2,16,2,16,1,12,2,12,0,6,126.515,2,2,30.1296,471.281,477.771,31.2496,0
1131,131,231,200,350,3300,7.1568,1.65,5.88093,1.10006,8.5,240,30,16,2,16,1,12,2,12,0,6,125,2,2,16,2,16,0,12,2,12,0,6,125,2,2,16,2,16,1,12,2,12,0,6,125,2,2,16,2,16,1,12,2,12,0,6,128.613,2,2,16,2,16,0,12,2,12,0,6,126.981,2,2,16,2,16,1,12,2,12,0,6,125.102,2,2,27.3318,478.598,481.909,30.579,0
1231,231,331,200,350,5000,10.9288,2.5,8.39572,1.66675,8.5,240,30,16,2,16,1,12,2,12,0,6,125,2,2,16,2,16,0,12,2,12,1,6,125,2,2,16,2,16,0,12,2,12,0,6,125,2,2,16,2,16,1,12,2,12,0,6,126.382,2,2,16,2,16,0,12,2,12,1,6,127.531,2,2,16,2,16,0,12,2,12,0,6,129.711,2,2,29.4588,480.628,477.542,30.1762,0
1002,2,102,200,350,5000,10.9288,2.5,8.39572,1.66675,8.5,240,30,16,2,16,0,12,2,12,0,6,125,2,2,16,2,16,0,12,2,12,1,6,125,2,2,16,2,16,1,12,2,12,0,6,125,2,2,16,2,16,0,12,2,12,0,6,129.182,2,2,16,2,16,0,12,2,12,1,6,127.135,2,2,16,2,16,1,12,2,12,0,6,126.493,2,2,31.2641,487.907,477.389,27.6845,0
1102,102,202,200,350,3300,2.5044,0,2.5044,0,8.5,240,30,16,2,16,1,12,2,12,0,6,125,2,2,16,2,16,0,12,2,12,0,6,125,2,2,16,2,16,1,12,2,12,0,6,125,2,2,16,2,16,1,12,2,12,0,6,130.478,2,2,16,2,16,0,12,2,12,0,6,125.826,2,2,16,2,16,1,12,2,12,0,6,127.82,2,2,25.0894,476.357,486.433,32.4931,0
1202,202,302,200,350,5000,10.9288,2.5,8.39572,1.66675,8.5,240,30,16,2,16,1,12,2,12,0,6,125,2,2,16,2,16,0,12,2,12,1,6,125,2,2,16,2,16,0,12,2,12,0,6,125,2,2,16,2,16,1,12,2,12,0,6,130.051,2,2,16,2,16,0,12,2,12,1,6,129.592,2,2,16,2,16,0,12,2,12,0,6,125.104,2,2,28.2556,485.697,477.941,30.9258,0
1012,12,112,200,400,5000,17.12,5,12.0538,3.3335,8.5,240,30,25,2,25,0,16,2,16,0,8,150,2,2,25,2,25,0,16,2,16,0,8,150,2,2,25,2,25,0,16,2,16,0,8,150,2,2,25,2,25,0,16,2,16,0,8,150.451,2,2,25,2,25,0,16,2,16,0,8,153.293,2,2,25,2,25,0,16,2,16,0,8,150.889,2,2,30.9984,482.169,483.297,33.2235,0
1112,112,212,200,400,3300,19.748,9.15,18.4721,8.60006,8.5,240,30,25,2,25,0,16,2,16,0,8,150,2,2,25,2,25,0,16,2,16,0,8,150,2,2,25,2,25,0,16,2,16,0,8,150,2,2,25,2,25,0,16,2,16,0,8,156.898,2,2,25,2,25,0,16,2,16,0,8,154.061,2,2,25,2,25,0,16,2,16,0,8,154.362,2,2,31.4654,467.53,477.118,28.1517,0
1212,212,312,200,400,5000,17.12,5,12.0538,3.3335,8.5,240,30,25,2,25,0,16,2,16,0,8,150,2,2,25,2,25,0,16,2,16,0,8,150,2,2,25,2,25,0,16,2,16,0,8,150,2,2,25,2,25,0,16,2,16,0,8,152.119,2,2,25,2,25,0,16,2,16,0,8,151.658,2,2,25,2,25,0,16,2,16,0,8,156.103,2,2,32.8966,476.373,484.631,24.5499,0
1022,22,122,200,400,5000,17.12,5,12.0538,3.3335,8.5,240,30,25,2,25,0,16,2,16,0,8,150,2,2,25,2,25,0,16,2,16,0,8,150,2,2,25,2,25,0,16,2,16,0,8,150,2,2,25,2,25,0,16,2,16,0,8,156.041,2,2,25,2,25,0,16,2,16,0,8,157.472,2,2,25,2,25,0,16,2,16,0,8,153.743,2,2,36.0381,481.467,478.341,33.6271,0
1122,122,222,200,400,3300,9.576,3.3,7.02426,2.20011,8.5,240,30,25,2,25,0,16,2,16,0,8,150,2,2,25,2,25,0,16,2,16,0,8,150,2,2,25,2,25,0,16,2,16,0,8,150,2,2,25,2,25,0,16,2,16,0,8,152.535,2,2,25,2,25,0,16,2,16,0,8,151.538,2,2,25,2,25,0,16,2,16,0,8,156.824,2,2,31.9907,477.96,486.837,31.3174,0
1222,222,322,200,400,5000,17.12,5,12.0538,3.3335,8.5,240,30,25,2,25,0,16,2,16,0,8,150,2,2,25,2,25,0,16,2,16,0,8,150,2,2,25,2,25,0,16,2,16,0,8,150,2,2,25,2,25,0,16,2,16,0,8,153.509,2,2,25,2,25,0,16,2,16,0,8,151.98,2,2,25,2,25,0,16,2,16,0,8,151.455,2,2,31.0636,479.985,488.286,31.6446,0
1032,32,132,200,350,5000,10.9288,2.5,8.39572,1.66675,8.5,240,30,16,2,16,0,12,2,12,0,6,125,2,2,16,2,16,0,12,2,12,1,6,125,2,2,16,2,16,1,12,2,12,0,6,125,2,2,16,2,16,0,12,2,12,0,6,127.967,2,2,16,2,16,0,12,2,12,1,6,125.696,2,2,16,2,16,1,12,2,12,0,6,130.805,2,2,29.8668,477.404,480.659,32.3606,0
1132,132,232,200,350,3300,7.1568,1.65,5.88093,1.10006,8.5,240,30,16,2,16,1,12,2,12,0,6,125,2,2,16,2,16,0,12,2,12,0,6,125,2,2,16,2,16,1,12,2,12,0,6,125,2,2,16,2,16,1,12,2,12,0,6,126.464,2,2,16,2,16,0,12,2,12,0,6,129.9,2,2,16,2,16,1,12,2,12,0,6,130.342,2,2,33.8123,486.581,485.68,29.1336,0
1232,232,332,200,350,5000,10.9288,2.5,8.39572,1.66675,8.5,240,30,16,2,16,1,12,2,12,0,6,125,2,2,16,2,16,0,12,2,12,1,6,125,2,2,16,2,16,0,12,2,12,0,6,125,2,2,16,2,16,1,12,2,12,0,6,126.584,2,2,16,2,16,0,12,2,12,1,6,130.617,2,2,16,2,16,0,12,2,12,0,6,126.685,2,2,34.21,476.651,479.965,28.0443,0
1003,3,103,200,350,5000,9.28,0,6.74692,0,8.5,240,30,12,2,12,0,12,2,12,0,6,125,2,2,12,2,12,0,12,2,12,0,6,125,2,2,12,2,12,1,12,2,12,0,6,125,2,2,12,2,12,0,12,2,12,0,6,128.258,2,2,12,2,12,0,12,2,12,0,6,125.759,2,2,12,2,12,1,12,2,12,0,6,126.618,2,2,31.3978,481.415,476.988,31.9489,0
1103,103,203,200,350,3300,1.68,0,1.68,0,8.5,240,30,12,2,12,1,12,2,12,0,6,125,2,2,12,2,12,0,12,2,12,0,6,125,2,2,12,2,12,1,12,2,12,0,6,125,2,2,12,2,12,1,12,2,12,0,6,126.344,2,2,12,2,12,0,12,2,12,0,6,126.049,2,2,12,2,12,1,12,2,12,0,6,127.744,2,2,31.8499,477.598,488.866,28.0727,0
1203,203,303,200,350,5000,9.28,0,6.74692,0,8.5,240,30,12,2,12,1,12,2,12,0,6,125,2,2,12,2,12,0,12,2,12,0,6,125,2,2,12,2,12,0,12,2,12,0,6,125,2,2,12,2,12,1,12,2,12,0,6,127.17,2,2,12,2,12,0,12,2,12,0,6,126.509,2,2,12,2,12,0,12,2,12,0,6,126.335,2,2,31.6723,474.69,477.748,25.4174,0
1013,13,113,200,400,5000,17.12,0,12.0538,0,8.5,240,30,25,2,25,0,12,2,12,0,8,150,2,2,25,2,25,0,12,2,12,1,8,150,2,2,25,2,25,0,12,2,12,0,8,150,2,2,25,2,25,0,12,2,12,0,8,155.849,2,2,25,2,25,0,12,2,12,1,8,153.286,2,2,25,2,25,0,12,2,12,0,8,155.067,2,2,30.2488,481.52,478.616,33.5677,0
1113,113,213,200,400,3300,19.748,7.5,18.4721,7.5,8.5,240,30,25,2,25,0,12,2,12,0,8,150,2,2,25,2,25,0,12,2,12,0,8,150,2,2,25,2,25,0,12,2,12,0,8,150,2,2,25,2,25,0,12,2,12,0,8,155.183,2,2,25,2,25,0,12,2,12,0,8,152.221,2,2,25,2,25,0,12,2,12,0,8,150.209,2,2,27.9089,476.889,472.911,29.7833,0
1213,213,313,200,400,5000,17.12,0,12.0538,0,8.5,240,30,25,2,25,0,12,2,12,0,8,150,2,2,25,2,25,0,12,2,12,1,8,150,2,2,25,2,25,0,12,2,12,0,8,150,2,2,25,2,25,0,12,2,12,0,8,151.589,2,2,25,2,25,0,12,2,12,1,8,153.295,2,2,25,2,25,0,12,2,12,0,8,157.298,2,2,31.8472,485.182,478.835,30.3889,0
1023,23,123,200,350,5000,16.88,0,11.8138,0,8.5,240,30,25,2,25,0,16,2,16,0,8,150,2,2,25,2,25,0,16,2,16,0,8,150,2,2,25,2,25,0,16,2,16,0,8,150,2,2,25,2,25,0,16,2,16,0,8,155.311,2,2,25,2,25,0,16,2,16,0,8,152.315,2,2,25,2,25,0,16,2,16,0,8,153.512,2,2,35.0038,472.893,477.056,30.1693,0
1123,123,223,200,350,3300,9.336,0,6.78426,0,8.5,240,30,25,2,25,0,16,2,16,0,8,150,2,2,25,2,25,0,16,2,16,0,8,150,2,2,25,2,25,0,16,2,16,0,8,150,2,2,25,2,25,0,16,2,16,0,8,150.788,2,2,25,2,25,0,16,2,16,0,8,152.578,2,2,25,2,25,0,16,2,16,0,8,151.459,2,2,32.7505,479.881,474.6,23.1112,0
1223,223,323,200,350,5000,16.88,0,11.8138,0,8.5,240,30,25,2,25,0,16,2,16,0,8,150,2,2,25,2,25,0,16,2,16,0,8,150,2,2,25,2,25,0,16,2,16,0,8,150,2,2,25,2,25,0,16,2,16,0,8,152.752,2,2,25,2,25,0,16,2,16,0,8,155.463,2,2,25,2,25,0,16,2,16,0,8,154.001,2,2,28.2128,482.189,464.861,34.6962,0
1033,33,133,200,350,5000,9.28,0,6.74692,0,8.5,240,30,12,2,12,0,12,2,12,0,6,125,2,2,12,2,12,0,12,2,12,0,6,125,2,2,12,2,12,1,12,2,12,0,6,125,2,2,12,2,12,0,12,2,12,0,6,125.499,2,2,12,2,12,0,12,2,12,0,6,130.166,2,2,12,2,12,1,12,2,12,0,6,125.891,2,2,29.8497,481.238,480.33,27.9085,0
1133,133,233,200,350,3300,5.508,0,4.23213,0,8.5,240,30,12,2,12,1,12,2,12,0,6,125,2,2,12,2,12,0,12,2,12,0,6,125,2,2,12,2,12,1,12,2,12,0,6,125,2,2,12,2,12,1,12,2,12,0,6,125.042,2,2,12,2,12,0,12,2,12,0,6,125.359,2,2,12,2,12,1,12,2,12,0,6,129.358,2,2,30.9971,471.831,475.365,28.9047,0
1233,233,333,200,350,5000,9.28,0,6.74692,0,8.5,240,30,12,2,12,1,12,2,12,0,6,125,2,2,12,2,12,0,12,2,12,0,6,125,2,2,12,2,12,0,12,2,12,0,6,125,2,2,12,2,12,1,12,2,12,0,6,129.823,2,2,12,2,12,0,12,2,12,0,6,125.822,2,2,12,2,12,0,12,2,12,0,6,128.539,2,2,32.4826,480.389,475.412,28.8606,0
6200,1101,1201,200,350,3300,16.5044,7.5,16.5044,7.5,8.5,240,30,25,2,25,0,12,2,12,1,8,150,2,2,25,2,25,0,12,2,12,1,8,150,2,2,25,2,25,0,12,2,12,1,8,150,2,2,25,2,25,0,12,2,12,1,8,156.203,2,2,25,2,25,0,12,2,12,1,8,155.113,2,2,25,2,25,0,12,2,12,1,8,153.92,2,2,27.0771,487.389,484.531,23.36,0
6201,1102,1202,200,350,3300,16.5044,7.5,16.5044,7.5,8.5,240,30,25,2,25,0,12,2,12,1,8,150,2,2,25,2,25,0,12,2,12,1,8,150,2,2,25,2,25,0,12,2,12,1,8,150,2,2,25,2,25,0,12,2,12,1,8,154.23,2,2,25,2,25,0,12,2,12,1,8,155.549,2,2,25,2,25,0,12,2,12,1,8,152.154,2,2,31.5458,480.573,482.369,30.1053,0
6202,1103,1203,200,350,3300,16.5044,7.5,16.5044,7.5,8.5,240,30,16,2,16,1,12,2,12,0,6,125,2,2,16,2,16,0,12,2,12,1,6,125,2,2,16,2,16,1,12,2,12,0,6,125,2,2,16,2,16,1,12,2,12,0,6,129.237,2,2,16,2,16,0,12,2,12,1,6,126.117,2,2,16,2,16,1,12,2,12,0,6,130.006,2,2,29.6475,479.157,475.414,26.2558,0
2001,1,11,250,400,5000,19.2488,5,14.1826,3.3335,8.5,240,30,25,2,25,0,16,2,16,0,8,150,2,2,25,2,25,0,16,2,16,1,8,150,2,2,25,2,25,1,16,2,16,1,8,150,2,2,25,2,25,0,16,2,16,0,8,154.76,2,2,25,2,25,0,16,2,16,1,8,154.418,2,2,25,2,25,1,16,2,16,1,8,153.301,2,2,28.5019,484.187,480.571,31.9137,0
2101,101,111,250,500,5000,18.2,5,13.1338,3.3335,8.5,240,30,25,2,25,0,20,2,20,0,8,150,2,2,25,2,25,0,20,2,20,0,8,150,2,2,25,2,25,1,20,2,20,0,8,150,2,2,25,2,25,0,20,2,20,0,8,156.297,2,2,25,2,25,0,20,2,20,0,8,154.207,2,2,25,2,25,1,20,2,20,0,8,156.807,2,2,31.5255,471.619,486.958,31.3543,0
2201,201,211,250,500,5000,18.2,5,13.1338,3.3335,8.5,240,30,25,2,25,0,20,2,20,0,8,150,2,2,25,2,25,0,20,2,20,0,8,150,2,2,25,2,25,1,20,2,20,0,8,150,2,2,25,2,25,0,20,2,20,0,8,154.975,2,2,25,2,25,0,20,2,20,0,8,150.908,2,2,25,2,25,1,20,2,20,0,8,150.177,2,2,28.8151,483.353,473.41,26.7538,0
2301,301,311,250,400,5000,19.2488,5,14.1826,3.3335,8.5,240,30,25,2,25,0,16,2,16,0,8,150,2,2,25,2,25,0,16,2,16,1,8,150,2,2,25,2,25,1,16,2,16,1,8,150,2,2,25,2,25,0,16,2,16,0,8,156.676,2,2,25,2,25,0,16,2,16,1,8,152.427,2,2,25,2,25,1,16,2,16,1,8,156.508,2,2,29.1155,486.242,477.963,34.5814,0
2011,11,21,250,400,5000,19.2488,5,14.1826,3.3335,8.5,240,30,25,2,25,1,16,2,16,1,8,150,2,2,25,2,25,0,16,2,16,0,8,150,2,2,25,2,25,1,16,2,16,0,8,150,2,2,25,2,25,1,16,2,16,1,8,154.248,2,2,25,2,25,0,16,2,16,0,8,155.811,2,2,25,2,25,1,16,2,16,0,8,150.742,2,2,30.9262,480,485.503,35.0095,0
2111,111,121,250,500,5000,28.459,9.422,21.8953,7.10998,8.5,240,30,25,2,25,1,20,2,20,0,8,150,2,2,25,2,25,0,20,2,20,0,8,150,2,2,25,2,25,2,20,2,20,0,8,150,2,2,25,2,25,1,20,2,20,0,8,154.738,2,2,25,2,25,0,20,2,20,0,8,157.295,2,2,25,2,25,2,20,2,20,0,8,156.724,2,2,33.816,477.105,479.951,33.1756,0
2211,211,221,250,500,5000,28.459,9.422,21.8953,7.10998,8.5,240,30,25,2,25,1,20,2,20,0,8,150,2,2,25,2,25,0,20,2,20,0,8,150,2,2,25,2,25,2,20,2,20,0,8,150,2,2,25,2,25,1,20,2,20,0,8,152.064,2,2,25,2,25,0,20,2,20,0,8,151.388,2,2,25,2,25,2,20,2,20,0,8,150.12,2,2,29.386,476.439,480.117,38.0151,0
2311,311,321,250,400,5000,19.2488,5,14.1826,3.3335,8.5,240,30,25,2,25,1,16,2,16,1,8,150,2,2,25,2,25,0,16,2,16,0,8,150,2,2,25,2,25,1,16,2,16,0,8,150,2,2,25,2,25,1,16,2,16,1,8,153.535,2,2,25,2,25,0,16,2,16,0,8,157.127,2,2,25,2,25,1,16,2,16,0,8,153.415,2,2,34.7036,475.159,476.067,27.31,0
2021,21,31,250,400,5000,19.2488,5,14.1826,3.3335,8.5,240,30,25,2,25,1,16,2,16,0,8,150,2,2,25,2,25,0,16,2,16,1,8,150,2,2,25,2,25,0,16,2,16,0,8,150,2,2,25,2,25,1,16,2,16,0,8,150.843,2,2,25,2,25,0,16,2,16,1,8,151.046,2,2,25,2,25,0,16,2,16,0,8,156.86,2,2,31.0037,478.309,480.085,28.8781,0
2121,121,131,250,500,5000,28.459,9.422,21.8953,7.10998,8.5,240,30,25,2,25,2,20,2,20,0,8,150,2,2,25,2,25,0,20,2,20,0,8,150,2,2,25,2,25,0,20,2,20,0,8,150,2,2,25,2,25,2,20,2,20,0,8,155.39,2,2,25,2,25,0,20,2,20,0,8,151.265,2,2,25,2,25,0,20,2,20,0,8,152.25,2,2,31.0202,480.625,484.312,31.9271,0
2221,221,231,250,500,5000,28.459,9.422,21.8953,7.10998,8.5,240,30,25,2,25,2,20,2,20,0,8,150,2,2,25,2,25,0,20,2,20,0,8,150,2,2,25,2,25,0,20,2,20,0,8,150,2,2,25,2,25,2,20,2,20,0,8,154.598,2,2,25,2,25,0,20,2,20,0,8,151.296,2,2,25,2,25,0,20,2,20,0,8,154.3,2,2,29.044,475.215,475.329,32.8655,0
2321,321,331,250,400,5000,19.2488,5,14.1826,3.3335,8.5,240,30,25,2,25,1,16,2,16,0,8,150,2,2,25,2,25,0,16,2,16,1,8,150,2,2,25,2,25,0,16,2,16,0,8,150,2,2,25,2,25,1,16,2,16,0,8,155.534,2,2,25,2,25,0,16,2,16,1,8,155.484,2,2,25,2,25,0,16,2,16,0,8,154.022,2,2,33.7113,477.993,475.275,32.783,0
2002,2,12,250,400,5000,19.2488,5,14.1826,3.3335,8.5,240,30,25,2,25,0,12,2,12,0,8,150,2,2,25,2,25,0,12,2,12,2,8,150,2,2,25,2,25,1,12,2,12,2,8,150,2,2,25,2,25,0,12,2,12,0,8,155.915,2,2,25,2,25,0,12,2,12,2,8,151.217,2,2,25,2,25,1,12,2,12,2,8,151.227,2,2,23.3158,474.527,482.581,29.8148,0
2102,102,112,250,500,5000,18.2,5,13.1338,3.3335,8.5,240,30,25,2,25,0,16,2,16,0,8,150,2,2,25,2,25,0,16,2,16,0,8,150,2,2,25,2,25,1,16,2,16,0,8,150,2,2,25,2,25,0,16,2,16,0,8,153.22,2,2,25,2,25,0,16,2,16,0,8,153.214,2,2,25,2,25,1,16,2,16,0,8,155.711,2,2,25.6186,474.364,482.557,31.2858,0
2202,202,212,250,500,5000,18.2,5,13.1338,3.3335,8.5,240,30,25,2,25,0,16,2,16,0,8,150,2,2,25,2,25,0,16,2,16,0,8,150,2,2,25,2,25,1,16,2,16,0,8,150,2,2,25,2,25,0,16,2,16,0,8,152.561,2,2,25,2,25,0,16,2,16,0,8,153.661,2,2,25,2,25,1,16,2,16,0,8,156.463,2,2,27.2602,479.037,484.429,30.9463,0
2302,302,312,250,400,5000,19.2488,5,14.1826,3.3335,8.5,240,30,25,2,25,0,12,2,12,0,8,150,2,2,25,2,25,0,12,2,12,2,8,150,2,2,25,2,25,1,12,2,12,2,8,150,2,2,25,2,25,0,12,2,12,0,8,152.411,2,2,25,2,25,0,12,2,12,2,8,151.251,2,2,25,2,25,1,12,2,12,2,8,154.92,2,2,31.0537,478.625,485.652,32.6253,0
2012,12,22,250,400,5000,19.2488,5,14.1826,3.3335,8.5,240,30,25,2,25,1,12,2,12,2,8,150,2,2,25,2,25,0,12,2,12,2,8,150,2,2,25,2,25,1,12,2,12,2,8,150,2,2,25,2,25,1,12,2,12,2,8,155.679,2,2,25,2,25,0,12,2,12,2,8,157.274,2,2,25,2,25,1,12,2,12,2,8,151.214,2,2,28.0888,473.723,478.991,28.457,0
2112,112,122,250,500,5000,28.459,9.422,21.8953,7.10998,8.5,240,30,25,2,25,1,16,2,16,0,8,150,2,2,25,2,25,0,16,2,16,1,8,150,2,2,25,2,25,2,16,2,16,1,8,150,2,2,25,2,25,1,16,2,16,0,8,153.424,2,2,25,2,25,0,16,2,16,1,8,151.701,2,2,25,2,25,2,16,2,16,1,8,154.659,2,2,30.1729,486.998,483.995,31.9525,0
2212,212,222,250,500,5000,28.459,9.422,21.8953,7.10998,8.5,240,30,25,2,25,1,16,2,16,0,8,150,2,2,25,2,25,0,16,2,16,1,8,150,2,2,25,2,25,2,16,2,16,1,8,150,2,2,25,2,25,1,16,2,16,0,8,152.853,2,2,25,2,25,0,16,2,16,1,8,154.056,2,2,25,2,25,2,16,2,16,1,8,151.71,2,2,32.7019,482.743,479.817,26.176,0
2312,312,322,250,400,5000,19.2488,5,14.1826,3.3335,8.5,240,30,25,2,25,1,12,2,12,2,8,150,2,2,25,2,25,0,12,2,12,2,8,150,2,2,25,2,25,1,12,2,12,2,8,150,2,2,25,2,25,1,12,2,12,2,8,150.698,2,2,25,2,25,0,12,2,12,2,8,151.75,2,2,25,2,25,1,12,2,12,2,8,154.319,2,2,32.1206,479.967,478.959,28.9146,0
2022,22,32,250,400,5000,19.2488,5,14.1826,3.3335,8.5,240,30,25,2,25,1,12,2,12,2,8,150,2,2,25,2,25,0,12,2,12,2,8,150,2,2,25,2,25,0,12,2,12,0,8,150,2,2,25,2,25,1,12,2,12,2,8,150.319,2,2,25,2,25,0,12,2,12,2,8,155.589,2,2,25,2,25,0,12,2,12,0,8,151.166,2,2,29.2287,478.808,481.709,29.1901,0
2122,122,132,250,500,5000,28.459,9.422,21.8953,7.10998,8.5,240,30,25,2,25,2,16,2,16,1,8,150,2,2,25,2,25,0,16,2,16,1,8,150,2,2,25,2,25,0,16,2,16,0,8,150,2,2,25,2,25,2,16,2,16,1,8,156.265,2,2,25,2,25,0,16,2,16,1,8,153.009,2,2,25,2,25,0,16,2,16,0,8,153.175,2,2,33.7403,486.288,487.916,31.7691,0
2222,222,232,250,500,5000,28.459,9.422,21.8953,7.10998,8.5,240,30,25,2,25,2,16,2,16,1,8,150,2,2,25,2,25,0,16,2,16,1,8,150,2,2,25,2,25,0,16,2,16,0,8,150,2,2,25,2,25,2,16,2,16,1,8,154.545,2,2,25,2,25,0,16,2,16,1,8,156.745,2,2,25,2,25,0,16,2,16,0,8,154.537,2,2,29.7693,475.477,478.659,27.7616,0
2322,322,332,250,400,5000,19.2488,5,14.1826,3.3335,8.5,240,30,25,2,25,1,12,2,12,2,8,150,2,2,25,2,25,0,12,2,12,2,8,150,2,2,25,2,25,0,12,2,12,0,8,150,2,2,25,2,25,1,12,2,12,2,8,154.102,2,2,25,2,25,0,12,2,12,2,8,156.148,2,2,25,2,25,0,12,2,12,0,8,154.793,2,2,29.0377,478.231,477.982,33.5791,0
2003,3,13,200,400,5000,17.12,0,12.0538,0,8.5,240,30,25,2,25,0,12,2,12,0,8,150,2,2,25,2,25,0,12,2,12,1,8,150,2,2,25,2,25,0,12,2,12,0,8,150,2,2,25,2,25,0,12,2,12,0,8,153.667,2,2,25,2,25,0,12,2,12,1,8,151.456,2,2,25,2,25,0,12,2,12,0,8,157.009,2,2,30.0332,483.071,480.263,29.3514,0
2103,103,113,250,450,5000,17.9,0,12.8338,0,8.5,240,30,25,2,25,0,16,2,16,0,8,150,2,2,25,2,25,0,16,2,16,0,8,150,2,2,25,2,25,0,16,2,16,0,8,150,2,2,25,2,25,0,16,2,16,0,8,156.916,2,2,25,2,25,0,16,2,16,0,8,156.674,2,2,25,2,25,0,16,2,16,0,8,153.808,2,2,27.4022,491.777,481.23,33.3038,0
2203,203,213,250,450,5000,17.9,0,12.8338,0,8.5,240,30,25,2,25,0,16,2,16,0,8,150,2,2,25,2,25,0,16,2,16,0,8,150,2,2,25,2,25,0,16,2,16,0,8,150,2,2,25,2,25,0,16,2,16,0,8,155.455,2,2,25,2,25,0,16,2,16,0,8,156.838,2,2,25,2,25,0,16,2,16,0,8,150.554,2,2,34.5274,475.013,481.133,35.5511,0
2303,303,313,200,400,5000,17.12,0,12.0538,0,8.5,240,30,25,2,25,0,12,2,12,0,8,150,2,2,25,2,25,0,12,2,12,1,8,150,2,2,25,2,25,0,12,2,12,0,8,150,2,2,25,2,25,0,12,2,12,0,8,155.915,2,2,25,2,25,0,12,2,12,1,8,152.228,2,2,25,2,25,0,12,2,12,0,8,152.115,2,2,30.8442,483.637,477.12,29.0586,0
2013,13,23,200,400,5000,17.12,0,12.0538,0,8.5,240,30,25,2,25,0,12,2,12,0,8,150,2,2,25,2,25,0,12,2,12,0,8,150,2,2,25,2,25,0,12,2,12,0,8,150,2,2,25,2,25,0,12,2,12,0,8,150.054,2,2,25,2,25,0,12,2,12,0,8,152.629,2,2,25,2,25,0,12,2,12,0,8,155.372,2,2,27.5669,470.644,479.483,31.7695,0
2113,113,123,250,450,5000,28.159,0,21.5953,0,8.5,240,30,25,2,25,0,16,2,16,0,8,150,2,2,25,2,25,0,16,2,16,0,8,150,2,2,25,2,25,1,16,2,16,1,8,150,2,2,25,2,25,0,16,2,16,0,8,152.809,2,2,25,2,25,0,16,2,16,0,8,156.546,2,2,25,2,25,1,16,2,16,1,8,156.455,2,2,26.9259,486.232,474.128,34.6484,0
2213,213,223,250,450,5000,28.159,0,21.5953,0,8.5,240,30,25,2,25,0,16,2,16,0,8,150,2,2,25,2,25,0,16,2,16,0,8,150,2,2,25,2,25,1,16,2,16,1,8,150,2,2,25,2,25,0,16,2,16,0,8,155.001,2,2,25,2,25,0,16,2,16,0,8,151.096,2,2,25,2,25,1,16,2,16,1,8,155.727,2,2,30.9496,474.793,484.812,30.1736,0
2313,313,323,200,400,5000,17.12,0,12.0538,0,8.5,240,30,25,2,25,0,12,2,12,0,8,150,2,2,25,2,25,0,12,2,12,0,8,150,2,2,25,2,25,0,12,2,12,0,8,150,2,2,25,2,25,0,12,2,12,0,8,151.339,2,2,25,2,25,0,12,2,12,0,8,154.143,2,2,25,2,25,0,12,2,12,0,8,152.555,2,2,33.2518,481.611,480.404,31.0485,0
2023,23,33,200,400,5000,17.12,0,12.0538,0,8.5,240,30,25,2,25,0,12,2,12,0,8,150,2,2,25,2,25,0,12,2,12,1,8,150,2,2,25,2,25,0,12,2,12,0,8,150,2,2,25,2,25,0,12,2,12,0,8,156.107,2,2,25,2,25,0,12,2,12,1,8,157.143,2,2,25,2,25,0,12,2,12,0,8,150.03,2,2,27.952,482.139,484.37,28.2451,0
2123,123,133,250,450,5000,28.159,0,21.5953,0,8.5,240,30,25,2,25,1,16,2,16,1,8,150,2,2,25,2,25,0,16,2,16,1,8,150,2,2,25,2,25,0,16,2,16,0,8,150,2,2,25,2,25,1,16,2,16,1,8,154.674,2,2,25,2,25,0,16,2,16,1,8,151.692,2,2,25,2,25,0,16,2,16,0,8,153.772,2,2,29.8824,476.236,481.011,38.1179,0
2223,223,233,250,450,5000,28.159,0,21.5953,0,8.5,240,30,25,2,25,1,16,2,16,1,8,150,2,2,25,2,25,0,16,2,16,1,8,150,2,2,25,2,25,0,16,2,16,0,8,150,2,2,25,2,25,1,16,2,16,1,8,150.029,2,2,25,2,25,0,16,2,16,1,8,150.13,2,2,25,2,25,0,16,2,16,0,8,153.373,2,2,29.4228,481.718,489.581,27.6867,0
2323,323,333,200,400,5000,17.12,0,12.0538,0,8.5,240,30,25,2,25,0,12,2,12,0,8,150,2,2,25,2,25,0,12,2,12,1,8,150,2,2,25,2,25,0,12,2,12,0,8,150,2,2,25,2,25,0,12,2,12,0,8,151.637,2,2,25,2,25,0,12,2,12,1,8,153.03,2,2,25,2,25,0,12,2,12,0,8,151.625,2,2,27.7679,475.764,475.553,34.4043,0
